{"cylinders":3,"avg(mpg)":20.55}
{"cylinders":4,"avg(mpg)":29.283919597989957}
{"cylinders":5,"avg(mpg)":27.366666666666664}
{"cylinders":6,"avg(mpg)":19.973493975903615}
{"cylinders":8,"avg(mpg)":14.963106796116508}
